{"0": {"columns": ["time", "x", "y", "z"], "data": [[0.0, 1.5, -0.5, 1.0], [7.5, 0.75, -0.5, 1.0], [15.0, 0.0, -0.5, 1.0], [20.0, 0.0, 0.0, 1.0], [27.5, 0.75, 0.0, 1.0], [35.0, 1.5, 0.0, 1.0], [43.0, 1.5, 0.0, 1.8], [50.5, 0.75, 0.0, 1.8], [58.0, 0.0, 0.0, 1.8], [65.5, -0.75, 0.0, 1.8], [73.0, -1.5, 0.0, 1.8], [78.0, -1.5, -0.5, 1.8], [86.0, -1.5, -0.5, 1.0], [91.0, -1.5, 0.0, 1.0], [96.0, -1.5, 0.5, 1.0], [103.5, -0.75, 0.5, 1.0], [108.5, -0.75, 0.0, 1.0], [113.5, -0.75, -0.5, 1.0], [121.5, -0.75, -0.5, 1.8], [129.5, -0.75, -0.5, 2.6000000000000005], [137.0, -1.5, -0.5, 2.6000000000000005], [142.0, -1.5, 0.0, 2.6000000000000005], [147.0, -1.5, 0.5, 2.6000000000000005], [155.0, -1.5, 0.5, 1.8], [162.5, -0.75, 0.5, 1.8], [170.0, 0.0, 0.5, 1.8], [178.0, 0.0, 0.5, 1.0], [185.5, 0.75, 0.5, 1.0], [193.0, 1.5, 0.5, 1.0], [201.0, 1.5, 0.5, 1.8], [208.5, 0.75, 0.5, 1.8], [216.5, 0.75, 0.5, 2.6000000000000005], [224.0, 1.5, 0.5, 2.6000000000000005], [229.0, 1.5, 0.0, 2.6000000000000005], [234.0, 1.5, -0.5, 2.6000000000000005], [242.0, 1.5, -0.5, 1.8], [249.5, 0.75, -0.5, 1.8], [257.0, 0.0, -0.5, 1.8], [265.0, 0.0, -0.5, 2.6000000000000005], [272.5, 0.75, -0.5, 2.6000000000000005], [277.5, 0.75, 0.0, 2.6000000000000005], [285.0, 0.0, 0.0, 2.6000000000000005], [292.5, -0.75, 0.0, 2.6000000000000005], [297.5, -0.75, 0.5, 2.6000000000000005]]}, "1": {"columns": ["time", "x", "y", "z"], "data": [[0.0, 1.5, 0.0, 2.6000000000000005], [5.0, 1.5, -0.5, 2.6000000000000005], [12.5, 0.75, -0.5, 2.6000000000000005], [20.0, 0.0, -0.5, 2.6000000000000005], [28.000000000000004, 0.0, -0.5, 1.8], [35.5, 0.75, -0.5, 1.8], [43.0, 1.5, -0.5, 1.8], [48.0, 1.5, 0.0, 1.8], [53.0, 1.5, 0.5, 1.8], [61.0, 1.5, 0.5, 2.6000000000000005], [68.5, 0.75, 0.5, 2.6000000000000005], [76.5, 0.75, 0.5, 1.8], [84.5, 0.75, 0.5, 1.0], [92.0, 1.5, 0.5, 1.0], [97.0, 1.5, 0.0, 1.0], [104.5, 0.75, 0.0, 1.0], [112.5, 0.75, 0.0, 1.8], [120.5, 0.75, 0.0, 2.6000000000000005], [128.0, 0.0, 0.0, 2.6000000000000005], [133.0, 0.0, 0.5, 2.6000000000000005], [140.5, -0.75, 0.5, 2.6000000000000005], [145.5, -0.75, 0.0, 2.6000000000000005], [150.5, -0.75, -0.5, 2.6000000000000005], [158.5, -0.75, -0.5, 1.8], [166.5, -0.75, -0.5, 1.0], [171.5, -0.75, 0.0, 1.0], [179.0, -1.5, 0.0, 1.0], [184.0, -1.5, -0.5, 1.0], [192.0, -1.5, -0.5, 1.8], [200.0, -1.5, -0.5, 2.6000000000000005], [205.0, -1.5, 0.0, 2.6000000000000005], [210.0, -1.5, 0.5, 2.6000000000000005], [218.0, -1.5, 0.5, 1.8], [226.0, -1.5, 0.5, 1.0], [233.5, -0.75, 0.5, 1.0], [241.0, 0.0, 0.5, 1.0], [249.0, 0.0, 0.5, 1.8], [256.5, -0.75, 0.5, 1.8], [261.5, -0.75, 0.0, 1.8], [269.0, 0.0, 0.0, 1.8], [277.0, 0.0, 0.0, 1.0], [282.0, 0.0, -0.5, 1.0], [289.5, 0.75, -0.5, 1.0]]}, "2": {"columns": ["time", "x", "y", "z"], "data": [[0.0, -1.5, 0.0, 1.8], [8.000000000000004, -1.5, 0.0, 2.6000000000000005], [15.500000000000004, -0.75, 0.0, 2.6000000000000005], [20.500000000000004, -0.75, -0.5, 2.6000000000000005], [28.000000000000004, -1.5, -0.5, 2.6000000000000005], [36.00000000000001, -1.5, -0.5, 1.8], [43.50000000000001, -0.75, -0.5, 1.8], [51.00000000000001, 0.0, -0.5, 1.8], [59.000000000000014, 0.0, -0.5, 2.6000000000000005], [64.00000000000001, 0.0, 0.0, 2.6000000000000005], [69.00000000000001, 0.0, 0.5, 2.6000000000000005], [77.00000000000001, 0.0, 0.5, 1.8], [85.00000000000001, 0.0, 0.5, 1.0], [92.50000000000001, -0.75, 0.5, 1.0], [100.00000000000001, -1.5, 0.5, 1.0], [108.00000000000001, -1.5, 0.5, 1.8], [116.00000000000001, -1.5, 0.5, 2.6000000000000005], [123.50000000000001, -0.75, 0.5, 2.6000000000000005], [131.50000000000003, -0.75, 0.5, 1.8], [136.50000000000003, -0.75, 0.0, 1.8], [144.00000000000003, 0.0, 0.0, 1.8], [151.50000000000003, 0.75, 0.0, 1.8], [156.50000000000003, 0.75, -0.5, 1.8], [164.00000000000003, 1.5, -0.5, 1.8], [172.00000000000003, 1.5, -0.5, 2.6000000000000005], [179.50000000000003, 0.75, -0.5, 2.6000000000000005], [184.50000000000003, 0.75, 0.0, 2.6000000000000005], [192.00000000000003, 1.5, 0.0, 2.6000000000000005], [197.00000000000003, 1.5, 0.5, 2.6000000000000005], [204.50000000000003, 0.75, 0.5, 2.6000000000000005], [212.50000000000003, 0.75, 0.5, 1.8], [220.50000000000003, 0.75, 0.5, 1.0], [228.00000000000003, 1.5, 0.5, 1.0], [236.00000000000003, 1.5, 0.5, 1.8], [241.00000000000003, 1.5, 0.0, 1.8], [249.00000000000003, 1.5, 0.0, 1.0], [256.5, 0.75, 0.0, 1.0], [264.0, 0.0, 0.0, 1.0], [271.5, -0.75, 0.0, 1.0], [279.0, -1.5, 0.0, 1.0], [284.0, -1.5, -0.5, 1.0], [291.5, -0.75, -0.5, 1.0], [299.0, 0.0, -0.5, 1.0]]}}