{"0": {"columns": ["time", "x", "y", "z"], "data": [[0.0, 0.35, -2.0, 1.0], [1.7499999999999998, 0.175, -2.0, 1.0], [3.4999999999999996, 0.0, -2.0, 1.0], [23.5, 0.0, 0.0, 1.0], [25.25, 0.175, 0.0, 1.0], [27.0, 0.35, 0.0, 1.0], [35.0, 0.35, 0.0, 1.8], [36.75, 0.175, 0.0, 1.8], [38.5, 0.0, 0.0, 1.8], [40.25, -0.175, 0.0, 1.8], [42.0, -0.35, 0.0, 1.8], [62.0, -0.35, -2.0, 1.8], [70.0, -0.35, -2.0, 1.0], [90.0, -0.35, 0.0, 1.0], [110.0, -0.35, 2.0, 1.0], [111.75, -0.175, 2.0, 1.0], [131.75, -0.175, 0.0, 1.0], [151.75, -0.175, -2.0, 1.0], [159.75, -0.175, -2.0, 1.8], [167.75, -0.175, -2.0, 2.6000000000000005], [169.5, -0.35, -2.0, 2.6000000000000005], [189.5, -0.35, 0.0, 2.6000000000000005], [209.5, -0.35, 2.0, 2.6000000000000005], [217.5, -0.35, 2.0, 1.8], [219.25, -0.175, 2.0, 1.8], [221.0, 0.0, 2.0, 1.8], [229.0, 0.0, 2.0, 1.0], [230.75, 0.175, 2.0, 1.0], [232.5, 0.35, 2.0, 1.0], [240.5, 0.35, 2.0, 1.8], [242.25, 0.175, 2.0, 1.8], [250.25, 0.175, 2.0, 2.6000000000000005], [252.0, 0.35, 2.0, 2.6000000000000005], [272.0, 0.35, 0.0, 2.6000000000000005], [292.0, 0.35, -2.0, 2.6000000000000005], [300.0, 0.35, -2.0, 1.8], [301.75, 0.175, -2.0, 1.8], [303.5, 0.0, -2.0, 1.8], [311.5, 0.0, -2.0, 2.6000000000000005], [313.25, 0.175, -2.0, 2.6000000000000005], [333.25, 0.175, 0.0, 2.6000000000000005], [335.0, 0.0, 0.0, 2.6000000000000005], [336.75, -0.175, 0.0, 2.6000000000000005], [356.75, -0.175, 2.0, 2.6000000000000005]]}, "1": {"columns": ["time", "x", "y", "z"], "data": [[0.0, 0.35, 0.0, 2.6000000000000005], [20.0, 0.35, -2.0, 2.6000000000000005], [21.75, 0.175, -2.0, 2.6000000000000005], [23.5, 0.0, -2.0, 2.6000000000000005], [31.500000000000004, 0.0, -2.0, 1.8], [33.25, 0.175, -2.0, 1.8], [35.0, 0.35, -2.0, 1.8], [55.0, 0.35, 0.0, 1.8], [75.0, 0.35, 2.0, 1.8], [83.0, 0.35, 2.0, 2.6000000000000005], [84.75, 0.175, 2.0, 2.6000000000000005], [92.75, 0.175, 2.0, 1.8], [100.75, 0.175, 2.0, 1.0], [102.5, 0.35, 2.0, 1.0], [122.5, 0.35, 0.0, 1.0], [124.25, 0.175, 0.0, 1.0], [132.25, 0.175, 0.0, 1.8], [140.25, 0.175, 0.0, 2.6000000000000005], [142.0, 0.0, 0.0, 2.6000000000000005], [162.0, 0.0, 2.0, 2.6000000000000005], [163.75, -0.175, 2.0, 2.6000000000000005], [183.75, -0.175, 0.0, 2.6000000000000005], [203.75, -0.175, -2.0, 2.6000000000000005], [211.75, -0.175, -2.0, 1.8], [219.75, -0.175, -2.0, 1.0], [239.75, -0.175, 0.0, 1.0], [241.5, -0.35, 0.0, 1.0], [261.5, -0.35, -2.0, 1.0], [269.5, -0.35, -2.0, 1.8], [277.5, -0.35, -2.0, 2.6000000000000005], [297.5, -0.35, 0.0, 2.6000000000000005], [317.5, -0.35, 2.0, 2.6000000000000005], [325.5, -0.35, 2.0, 1.8], [333.5, -0.35, 2.0, 1.0], [335.25, -0.175, 2.0, 1.0], [337.0, 0.0, 2.0, 1.0], [345.0, 0.0, 2.0, 1.8], [346.75, -0.175, 2.0, 1.8], [366.75, -0.175, 0.0, 1.8], [368.5, 0.0, 0.0, 1.8], [376.5, 0.0, 0.0, 1.0], [396.5, 0.0, -2.0, 1.0], [398.25, 0.175, -2.0, 1.0]]}, "2": {"columns": ["time", "x", "y", "z"], "data": [[0.0, -0.35, 0.0, 1.8], [8.000000000000004, -0.35, 0.0, 2.6000000000000005], [9.750000000000004, -0.175, 0.0, 2.6000000000000005], [29.750000000000004, -0.175, -2.0, 2.6000000000000005], [31.500000000000004, -0.35, -2.0, 2.6000000000000005], [39.50000000000001, -0.35, -2.0, 1.8], [41.25000000000001, -0.175, -2.0, 1.8], [43.00000000000001, 0.0, -2.0, 1.8], [51.000000000000014, 0.0, -2.0, 2.6000000000000005], [71.00000000000001, 0.0, 0.0, 2.6000000000000005], [91.00000000000001, 0.0, 2.0, 2.6000000000000005], [99.00000000000001, 0.0, 2.0, 1.8], [107.00000000000001, 0.0, 2.0, 1.0], [108.75000000000001, -0.175, 2.0, 1.0], [110.50000000000001, -0.35, 2.0, 1.0], [118.50000000000001, -0.35, 2.0, 1.8], [126.50000000000001, -0.35, 2.0, 2.6000000000000005], [128.25, -0.175, 2.0, 2.6000000000000005], [136.25, -0.175, 2.0, 1.8], [156.25, -0.175, 0.0, 1.8], [158.0, 0.0, 0.0, 1.8], [159.75, 0.175, 0.0, 1.8], [179.75, 0.175, -2.0, 1.8], [181.5, 0.35, -2.0, 1.8], [189.5, 0.35, -2.0, 2.6000000000000005], [191.25, 0.175, -2.0, 2.6000000000000005], [211.25, 0.175, 0.0, 2.6000000000000005], [213.0, 0.35, 0.0, 2.6000000000000005], [233.0, 0.35, 2.0, 2.6000000000000005], [234.75, 0.175, 2.0, 2.6000000000000005], [242.75, 0.175, 2.0, 1.8], [250.75, 0.175, 2.0, 1.0], [252.5, 0.35, 2.0, 1.0], [260.5, 0.35, 2.0, 1.8], [280.5, 0.35, 0.0, 1.8], [288.5, 0.35, 0.0, 1.0], [290.25, 0.175, 0.0, 1.0], [292.0, 0.0, 0.0, 1.0], [293.75, -0.175, 0.0, 1.0], [295.5, -0.35, 0.0, 1.0], [315.5, -0.35, -2.0, 1.0], [317.25, -0.175, -2.0, 1.0], [319.0, 0.0, -2.0, 1.0]]}}