{"0": {"columns": ["time", "x", "y", "z"], "data": [[0.0, -0.35, 5.0, 2.6000000000000005], [20.0, -0.35, 3.0, 2.6000000000000005], [40.0, -0.35, 1.0, 2.6000000000000005], [48.0, -0.35, 1.0, 1.8], [68.0, -0.35, 3.0, 1.8], [76.0, -0.35, 3.0, 1.0], [96.0, -0.35, 5.0, 1.0], [104.0, -0.35, 5.0, 1.8], [105.75, -0.175, 5.0, 1.8], [125.75, -0.175, 3.0, 1.8], [127.5, 0.0, 3.0, 1.8], [147.5, 0.0, 5.0, 1.8], [155.5, 0.0, 5.0, 2.6000000000000005], [175.5, 0.0, 3.0, 2.6000000000000005], [177.25, -0.175, 3.0, 2.6000000000000005]]}, "1": {"columns": ["time", "x", "y", "z"], "data": [[0.0, 0.175, 2.0, 1.0], [20.0, 0.175, 0.0, 1.0], [21.75, 0.35, 0.0, 1.0], [41.75, 0.35, 2.0, 1.0], [49.75, 0.35, 2.0, 1.8], [69.75, 0.35, 0.0, 1.8], [89.75, 0.35, -2.0, 1.8], [97.75, 0.35, -2.0, 2.6000000000000005], [99.5, 0.175, -2.0, 2.6000000000000005], [119.5, 0.175, 0.0, 2.6000000000000005], [127.5, 0.175, 0.0, 1.8], [147.5, 0.175, 2.0, 1.8], [155.5, 0.175, 2.0, 2.6000000000000005], [157.25, 0.35, 2.0, 2.6000000000000005]]}, "2": {"columns": ["time", "x", "y", "z"], "data": [[0.0, -0.35, -5.0, 1.0], [1.7499999999999998, -0.175, -5.0, 1.0], [21.75, -0.175, -3.0, 1.0], [41.75, -0.175, -1.0, 1.0], [43.5, 0.0, -1.0, 1.0], [63.5, 0.0, -3.0, 1.0], [83.5, 0.0, -5.0, 1.0], [85.25, 0.175, -5.0, 1.0], [87.0, 0.35, -5.0, 1.0], [88.75, 0.175, -5.0, 1.0], [96.75, 0.175, -5.0, 1.8], [98.5, 0.0, -5.0, 1.8], [100.25, -0.175, -5.0, 1.8], [102.0, -0.35, -5.0, 1.8], [103.75, -0.175, -5.0, 1.8], [111.75, -0.175, -5.0, 2.6000000000000005]]}}