{"0": {"columns": ["time", "x", "y", "z"], "data": [[0.0, -1.5, 3.5, 2.6000000000000005], [5.0, -1.5, 3.0, 2.6000000000000005], [10.0, -1.5, 2.5, 2.6000000000000005], [18.000000000000004, -1.5, 2.5, 1.8], [23.000000000000004, -1.5, 3.0, 1.8], [31.000000000000004, -1.5, 3.0, 1.0], [36.0, -1.5, 3.5, 1.0], [44.0, -1.5, 3.5, 1.8], [51.5, -0.75, 3.5, 1.8], [56.5, -0.75, 3.0, 1.8], [64.0, 0.0, 3.0, 1.8], [69.0, 0.0, 3.5, 1.8], [77.0, 0.0, 3.5, 2.6000000000000005], [82.0, 0.0, 3.0, 2.6000000000000005], [89.5, -0.75, 3.0, 2.6000000000000005]]}, "1": {"columns": ["time", "x", "y", "z"], "data": [[0.0, 0.75, 0.5, 1.0], [5.0, 0.75, 0.0, 1.0], [12.5, 1.5, 0.0, 1.0], [17.5, 1.5, 0.5, 1.0], [25.5, 1.5, 0.5, 1.8], [30.5, 1.5, 0.0, 1.8], [35.5, 1.5, -0.5, 1.8], [43.5, 1.5, -0.5, 2.6000000000000005], [51.0, 0.75, -0.5, 2.6000000000000005], [56.0, 0.75, 0.0, 2.6000000000000005], [64.0, 0.75, 0.0, 1.8], [69.0, 0.75, 0.5, 1.8], [77.0, 0.75, 0.5, 2.6000000000000005], [84.5, 1.5, 0.5, 2.6000000000000005]]}, "2": {"columns": ["time", "x", "y", "z"], "data": [[0.0, -1.5, -3.5, 1.0], [7.5, -0.75, -3.5, 1.0], [12.5, -0.75, -3.0, 1.0], [17.5, -0.75, -2.5, 1.0], [25.0, 0.0, -2.5, 1.0], [30.0, 0.0, -3.0, 1.0], [35.0, 0.0, -3.5, 1.0], [42.5, 0.75, -3.5, 1.0], [50.0, 1.5, -3.5, 1.0], [57.5, 0.75, -3.5, 1.0], [65.5, 0.75, -3.5, 1.8], [73.0, 0.0, -3.5, 1.8], [80.5, -0.75, -3.5, 1.8], [88.0, -1.5, -3.5, 1.8], [95.5, -0.75, -3.5, 1.8], [103.5, -0.75, -3.5, 2.6000000000000005]]}}