{"0": {"columns": ["time", "x", "y", "z"], "data": [[0.0, 0.0, 0.5, 2.6000000000000005], [5.0, 0.0, 0.0, 2.6000000000000005], [10.0, 0.0, -0.5, 2.6000000000000005], [20.0, 1.0, -0.5, 2.6000000000000005], [28.000000000000004, 1.0, -0.5, 1.8], [33.0, 1.0, 0.0, 1.8], [38.0, 1.0, 0.5, 1.8], [48.0, 2.0, 0.5, 1.8], [53.0, 2.0, 0.0, 1.8], [58.0, 2.0, -0.5, 1.8], [66.0, 2.0, -0.5, 2.6000000000000005], [71.0, 2.0, 0.0, 2.6000000000000005], [81.0, 1.0, 0.0, 2.6000000000000005], [86.0, 1.0, 0.5, 2.6000000000000005]]}, "1": {"columns": ["time", "x", "y", "z"], "data": [[0.0, -2.0, -0.5, 1.0], [5.0, -2.0, 0.0, 1.0], [15.0, -1.0, 0.0, 1.0], [20.0, -1.0, -0.5, 1.0], [30.0, 0.0, -0.5, 1.0], [35.0, 0.0, 0.0, 1.0], [40.0, 0.0, 0.5, 1.0], [50.0, 1.0, 0.5, 1.0], [55.0, 1.0, 0.0, 1.0], [60.0, 1.0, -0.5, 1.0], [70.0, 2.0, -0.5, 1.0], [75.0, 2.0, 0.0, 1.0], [80.0, 2.0, 0.5, 1.0], [85.0, 2.0, 0.0, 1.0], [93.0, 2.0, 0.0, 1.8], [103.0, 1.0, 0.0, 1.8], [113.0, 0.0, 0.0, 1.8]]}, "2": {"columns": ["time", "x", "y", "z"], "data": [[0.0, -2.0, 0.5, 2.6000000000000005], [5.0, -2.0, 0.0, 2.6000000000000005], [10.0, -2.0, -0.5, 2.6000000000000005], [18.000000000000004, -2.0, -0.5, 1.8], [23.000000000000004, -2.0, 0.0, 1.8], [28.000000000000004, -2.0, 0.5, 1.8], [36.0, -2.0, 0.5, 1.0], [46.0, -1.0, 0.5, 1.0], [54.0, -1.0, 0.5, 1.8], [59.0, -1.0, 0.0, 1.8], [64.0, -1.0, -0.5, 1.8], [72.0, -1.0, -0.5, 2.6000000000000005], [77.0, -1.0, 0.0, 2.6000000000000005], [82.0, -1.0, 0.5, 2.6000000000000005], [90.0, -1.0, 0.5, 1.8]]}}