{"0": {"columns": ["time", "x", "y", "z"], "data": [[0.0, -1.0, 0.0, 1.0], [10.0, -2.0, 0.0, 1.0], [15.0, -2.0, 0.5, 1.0], [25.0, -1.0, 0.5, 1.0], [35.0, 0.0, 0.5, 1.0], [45.0, 1.0, 0.5, 1.0], [50.0, 1.0, 0.0, 1.0], [60.0, 0.0, 0.0, 1.0], [65.0, 0.0, -0.5, 1.0], [73.0, 0.0, -0.5, 1.8], [78.0, 0.0, 0.0, 1.8], [88.0, -1.0, 0.0, 1.8], [93.0, -1.0, -0.5, 1.8], [101.0, -1.0, -0.5, 1.0], [111.0, -2.0, -0.5, 1.0], [119.0, -2.0, -0.5, 1.8], [124.0, -2.0, 0.0, 1.8], [132.0, -2.0, 0.0, 2.6000000000000005], [137.0, -2.0, -0.5, 2.6000000000000005], [147.0, -1.0, -0.5, 2.6000000000000005], [152.0, -1.0, 0.0, 2.6000000000000005], [157.0, -1.0, 0.5, 2.6000000000000005], [167.0, -2.0, 0.5, 2.6000000000000005], [175.0, -2.0, 0.5, 1.8], [185.0, -1.0, 0.5, 1.8], [195.0, 0.0, 0.5, 1.8], [205.0, 1.0, 0.5, 1.8], [213.0, 1.0, 0.5, 2.6000000000000005], [223.0, 2.0, 0.5, 2.6000000000000005], [228.0, 2.0, 0.0, 2.6000000000000005], [238.0, 1.0, 0.0, 2.6000000000000005], [246.0, 1.0, 0.0, 1.8], [251.0, 1.0, -0.5, 1.8], [259.0, 1.0, -0.5, 1.0], [269.0, 2.0, -0.5, 1.0], [274.0, 2.0, 0.0, 1.0], [279.0, 2.0, 0.5, 1.0], [287.0, 2.0, 0.5, 1.8], [292.0, 2.0, 0.0, 1.8], [297.0, 2.0, -0.5, 1.8], [305.0, 2.0, -0.5, 2.6000000000000005], [315.0, 1.0, -0.5, 2.6000000000000005], [325.0, 0.0, -0.5, 2.6000000000000005], [330.0, 0.0, 0.0, 2.6000000000000005]]}, "1": {"columns": ["time", "x", "y", "z"], "data": [[0.0, 2.0, -0.5, 1.8], [8.000000000000004, 2.0, -0.5, 2.6000000000000005], [18.000000000000004, 1.0, -0.5, 2.6000000000000005], [26.000000000000007, 1.0, -0.5, 1.8], [34.00000000000001, 1.0, -0.5, 1.0], [44.00000000000001, 2.0, -0.5, 1.0], [49.00000000000001, 2.0, 0.0, 1.0], [54.00000000000001, 2.0, 0.5, 1.0], [62.00000000000001, 2.0, 0.5, 1.8], [67.0, 2.0, 0.0, 1.8], [77.0, 1.0, 0.0, 1.8], [87.0, 0.0, 0.0, 1.8], [95.0, 0.0, 0.0, 2.6000000000000005], [100.0, 0.0, -0.5, 2.6000000000000005], [108.0, 0.0, -0.5, 1.8], [118.0, -1.0, -0.5, 1.8], [126.0, -1.0, -0.5, 1.0], [131.0, -1.0, 0.0, 1.0], [136.0, -1.0, 0.5, 1.0], [146.0, -2.0, 0.5, 1.0], [151.0, -2.0, 0.0, 1.0], [156.0, -2.0, -0.5, 1.0], [164.0, -2.0, -0.5, 1.8], [172.0, -2.0, -0.5, 2.6000000000000005], [182.0, -1.0, -0.5, 2.6000000000000005], [187.0, -1.0, 0.0, 2.6000000000000005], [195.0, -1.0, 0.0, 1.8], [200.0, -1.0, 0.5, 1.8], [210.0, -2.0, 0.5, 1.8], [215.0, -2.0, 0.0, 1.8], [223.0, -2.0, 0.0, 2.6000000000000005], [228.0, -2.0, 0.5, 2.6000000000000005], [238.0, -1.0, 0.5, 2.6000000000000005], [248.0, 0.0, 0.5, 2.6000000000000005], [256.0, 0.0, 0.5, 1.8], [266.0, 1.0, 0.5, 1.8], [274.0, 1.0, 0.5, 2.6000000000000005], [284.0, 2.0, 0.5, 2.6000000000000005], [289.0, 2.0, 0.0, 2.6000000000000005], [299.0, 1.0, 0.0, 2.6000000000000005], [307.0, 1.0, 0.0, 1.8], [315.0, 1.0, 0.0, 1.0], [320.0, 1.0, 0.5, 1.0], [330.0, 0.0, 0.5, 1.0]]}, "2": {"columns": ["time", "x", "y", "z"], "data": [[0.0, -1.0, -0.5, 2.6000000000000005], [5.0, -1.0, 0.0, 2.6000000000000005], [15.0, 0.0, 0.0, 2.6000000000000005], [20.0, 0.0, 0.5, 2.6000000000000005], [30.0, -1.0, 0.5, 2.6000000000000005], [38.0, -1.0, 0.5, 1.8], [48.0, 0.0, 0.5, 1.8], [58.0, 1.0, 0.5, 1.8], [63.0, 1.0, 0.0, 1.8], [71.0, 1.0, 0.0, 2.6000000000000005], [76.0, 1.0, 0.5, 2.6000000000000005], [86.0, 2.0, 0.5, 2.6000000000000005], [91.0, 2.0, 0.0, 2.6000000000000005], [96.0, 2.0, -0.5, 2.6000000000000005], [106.0, 1.0, -0.5, 2.6000000000000005], [116.0, 0.0, -0.5, 2.6000000000000005], [124.0, 0.0, -0.5, 1.8], [129.0, 0.0, 0.0, 1.8], [137.0, 0.0, 0.0, 1.0], [142.0, 0.0, -0.5, 1.0], [152.0, 1.0, -0.5, 1.0], [160.0, 1.0, -0.5, 1.8], [165.0, 1.0, 0.0, 1.8], [175.0, 2.0, 0.0, 1.8], [180.0, 2.0, 0.5, 1.8], [185.0, 2.0, 0.0, 1.8], [190.0, 2.0, -0.5, 1.8], [198.0, 2.0, -0.5, 1.0], [203.0, 2.0, 0.0, 1.0], [208.0, 2.0, 0.5, 1.0], [218.0, 1.0, 0.5, 1.0], [223.0, 1.0, 0.0, 1.0], [228.0, 1.0, 0.5, 1.0], [238.0, 0.0, 0.5, 1.0], [248.0, -1.0, 0.5, 1.0], [258.0, -2.0, 0.5, 1.0], [263.0, -2.0, 0.0, 1.0], [268.0, -2.0, -0.5, 1.0], [276.0, -2.0, -0.5, 1.8], [284.0, -2.0, -0.5, 2.6000000000000005], [289.0, -2.0, 0.0, 2.6000000000000005], [294.0, -2.0, 0.5, 2.6000000000000005], [302.0, -2.0, 0.5, 1.8], [307.0, -2.0, 0.0, 1.8]]}}