{"0": {"columns": ["time", "x", "y", "z"], "data": [[0.0, -0.24, -3.24, 2.3], [1.8951780918953236, -1.1, -3.6, 0.65], [2.415178091895324, -0.58, -3.6, 0.65], [3.5858308724617904, 0.541662, -3.2879600000000004, 0.772202], [4.668774872461791, 1.624606, -3.2879600000000004, 0.772202], [7.4064174761703185, 3.0600000000000005, -0.96, 0.65], [7.926417476170319, 2.54, -0.96, 0.65], [11.28736972218632, 0.45999999999999996, 1.6800000000000002, 0.65], [13.92736972218632, 0.45999999999999996, -0.96, 0.65], [14.44736972218632, 0.9800000000000001, -0.96, 0.65], [17.138094531601062, 1.5, -3.6, 0.65], [17.658094531601062, 0.9800000000000001, -3.6, 0.65], [18.17809453160106, 0.45999999999999996, -3.6, 0.65], [18.69809453160106, -0.06, -3.6, 0.65], [20.615514673354035, -0.24, -2.64, 2.3], [23.122405177544437, -1.1, -0.96, 0.65], [25.27380007388495, -0.24, -2.04, 2.3], [26.042174982376892, 0.24, -2.64, 2.3], [26.642174982376893, 0.24, -3.24, 2.3], [28.35743006544763, -0.06, -3.6, 0.65], [28.94388948768245, -0.541282, -3.2879600000000004, 0.772202], [32.09401600163836, -2.66, -0.96, 0.65], [32.61401600163836, -3.18, -0.96, 0.65], [35.416651159749385, -1.6242260000000002, -3.2879600000000004, 0.772202], [35.75179314380987, -1.62, -3.6, 0.65], [36.086935127870355, -1.6242260000000002, -3.2879600000000004, 0.772202], [38.801140254510564, 0.24, -2.04, 2.3], [41.79603769392848, 0.541662, 0.5181720000000001, 0.772202], [43.04380282913302, 0.9800000000000001, 1.6800000000000002, 0.65], [44.37807960912434, 1.624606, 0.5181720000000001, 0.772202], [47.89307125145068, -0.24, -2.04, 2.3], [49.894195935222285, -0.58, -0.96, 0.65]]}, "2": {"columns": ["time", "x", "y", "z"], "data": [[0.0, -1.1, 1.6800000000000002, 0.65], [3.0664637614033534, -2.66, -0.96, 0.65], [3.5864637614033534, -3.18, -0.96, 0.65], [6.652927522806706, -1.62, -3.6, 0.65], [6.988069506867194, -1.6242260000000002, -3.2879600000000004, 0.772202], [9.149111040359783, -0.24, -2.64, 2.3], [9.749111040359782, -0.24, -2.04, 2.3], [10.229111040359783, 0.24, -2.04, 2.3], [10.829111040359782, 0.24, -2.64, 2.3], [11.597485948851725, -0.24, -2.04, 2.3], [14.882983221634644, -1.6242260000000002, 0.5181720000000001, 0.772202], [15.965927221634644, -0.541282, 0.5181720000000001, 0.772202], [17.4496471662037, -0.58, -0.96, 0.65], [17.9696471662037, -1.1, -0.96, 0.65], [18.4896471662037, -0.58, -0.96, 0.65], [21.1296471662037, -0.58, 1.6800000000000002, 0.65], [26.330079840510713, -0.24, -3.24, 2.3], [28.158220972918166, 0.45999999999999996, -3.6, 0.65], [28.50314266352054, 0.541662, -3.2879600000000004, 0.772202], [31.93481242802994, 3.0600000000000005, -0.96, 0.65], [32.45481242802994, 2.54, -0.96, 0.65], [35.81576467404594, 0.45999999999999996, 1.6800000000000002, 0.65], [38.45576467404594, 0.45999999999999996, -0.96, 0.65], [38.97576467404594, 0.9800000000000001, -0.96, 0.65], [41.394410573230026, 1.624606, -3.2879600000000004, 0.772202], [41.751942313974816, 1.5, -3.6, 0.65], [42.27194231397482, 0.9800000000000001, -3.6, 0.65], [44.11576985471717, 0.24, -3.24, 2.3], [45.83102493778791, -0.06, -3.6, 0.65], [46.35102493778791, -0.58, -3.6, 0.65], [46.68836953004929, -0.541282, -3.2879600000000004, 0.772202], [47.33988168951218, -1.1, -3.6, 0.65]]}, "3": {"columns": ["time", "x", "y", "z"], "data": [[0.0, 0.541662, 0.5181720000000001, 0.772202], [1.082944, 1.624606, 0.5181720000000001, 0.772202], [2.417220779991318, 0.9800000000000001, 1.6800000000000002, 0.65], [6.665667554990389, -0.24, -2.04, 2.3], [9.322827693183042, -1.62, -3.6, 0.65], [9.657969677243528, -1.6242260000000002, -3.2879600000000004, 0.772202], [12.37217480388374, 0.24, -2.04, 2.3], [12.972174803883739, 0.24, -2.64, 2.3], [17.786787976299568, -1.1, 1.6800000000000002, 0.65], [20.85325173770292, -2.66, -0.96, 0.65], [21.37325173770292, -3.18, -0.96, 0.65], [24.73420398371892, -1.1, -3.6, 0.65], [26.8900564833116, 0.24, -3.24, 2.3], [28.76742165823096, -0.58, -3.6, 0.65], [29.104766250492343, -0.541282, -3.2879600000000004, 0.772202], [31.436252937979106, -0.58, -0.96, 0.65], [32.91997288254816, -0.541282, 0.5181720000000001, 0.772202], [34.002916882548156, -1.6242260000000002, 0.5181720000000001, 0.772202], [35.56982006062394, -0.58, 1.6800000000000002, 0.65], [40.770252734930956, -0.24, -3.24, 2.3], [42.59839386733841, 0.45999999999999996, -3.6, 0.65], [42.943315557940785, 0.541662, -3.2879600000000004, 0.772202], [46.374985322450186, 3.0600000000000005, -0.96, 0.65], [46.89498532245019, 2.54, -0.96, 0.65], [50.25593756846619, 0.45999999999999996, 1.6800000000000002, 0.65], [52.89593756846619, 0.45999999999999996, -0.96, 0.65], [53.41593756846619, 0.9800000000000001, -0.96, 0.65], [55.834583467650276, 1.624606, -3.2879600000000004, 0.772202], [56.192115208395066, 1.5, -3.6, 0.65], [56.71211520839507, 0.9800000000000001, -3.6, 0.65], [57.75211520839507, -0.06, -3.6, 0.65], [59.669535350148045, -0.24, -2.64, 2.3]]}}